L,ID,Title,Year,Age,IMDb,RottenTomatoes,Netflix,Hulu,Prime Video,Disney+,Type
0,1,Breaking Bad,2008,18,9.4,100,1,0,0,0,1
1,2,Stranger Things,2016,16,8.7,96,1,0,0,0,1
2,3,Attack on Titan,2013,18,9.0,95,1,1,0,0,1
3,4,Better C0 Saul,2015,18,8.8,94,1,0,0,0,1
4,5,Dark,2017,16,8.8,93,1,0,0,0,1
5,6,Avatar: The Last Airbender,2005,7,9.3,93,1,0,1,0,1
6,7,Peaky Blinders,2013,18,8.8,93,1,0,0,0,1
7,8,The Walking Dead,2010,18,8.2,93,1,0,0,0,1
8,9,Black Mirror,2011,18,8.8,92,1,0,0,0,1
9,10,The Queen's Gambit,2020,18,8.6,92,1,0,0,0,1
10,11,Mindhunter,2017,18,8.6,90,1,0,0,0,1
11,12,Community,2009,7,8.5,90,1,1,1,0,1
12,13,Narcos,2015,18,8.8,90,1,0,0,0,1
13,14,Shameless,2011,18,8.5,90,1,1,1,0,1
14,15,Money Heist,2017,18,8.3,90,1,0,0,0,1
15,16,Marvel's Daredevil,2015,18,8.6,90,1,0,0,0,1
16,17,Lucifer,2016,16,8.1,90,1,0,0,0,1
17,18,Supernatural,2005,16,8.4,89,1,0,0,0,1
18,19,The Witcher,2019,18,8.2,89,1,0,0,0,1
19,20,Ozark,2017,18,8.4,89,1,0,0,0,1
20,21,The Crown,2016,18,8.6,89,1,0,0,0,1
21,22,Cobra Kai,2018,16,8.6,89,1,0,0,0,1
22,23,The Blacklist,2013,16,8.0,88,1,0,0,0,1
23,24,The Flash,2014,16,7.6,88,1,0,0,0,1
24,25,Outlander,2014,18,8.4,88,1,0,0,0,1
25,26,Fullmetal Alchemist: Brotherhood,2009,16,9.1,88,1,1,0,0,1
26,27,The Good Place,2016,16,8.2,88,1,0,0,0,1
27,28,House of Cards,2013,18,8.7,88,1,0,0,0,1
28,29,Atypical,2017,16,8.3,88,1,0,0,0,1
29,30,Grey's Anatomy,2005,16,7.5,87,1,1,0,0,1
30,31,Arrested Development,2003,16,8.7,87,1,1,0,0,1
31,32,Lupin,2021,18,7.5,87,1,0,0,0,1
32,33,The Umbrella Academy,2019,16,8.0,87,1,0,0,0,1
33,34,Orange Is the New Black,2013,18,8.0,87,1,0,0,0,1
34,35,The Vampire Diaries,2009,16,7.7,86,1,0,0,0,1
35,36,Demon Slayer: Kimetsu no Yaiba,2019,18,8.7,86,1,1,0,0,1
36,37,The Last Dance,2020,16,9.1,86,1,0,0,0,1
37,38,American Horror Story,2011,18,8.0,86,1,1,1,0,1
38,39,Elite,2018,18,7.5,86,1,0,0,0,1
39,40,BoJack Horseman,2014,18,8.7,86,1,0,0,0,1
40,41,Star Trek: The Next Generation,1987,7,8.6,86,1,1,1,0,1
41,42,Broadchurch,2013,18,8.4,86,1,0,0,0,1
42,43,The IT Crowd,2006,16,8.5,86,1,0,0,0,1
43,44,When They See Us,2019,18,8.9,86,1,0,0,0,1
44,45,"Love, Death & Robots",2019,18,8.5,86,1,0,0,0,1
45,46,Schitt's Creek,2015,16,8.5,86,1,0,0,0,1
46,47,Marvel's Agents of S.H.I.E.L.D.,2013,16,7.5,86,1,0,0,0,1
47,48,Never Have I Ever,2020,16,7.9,86,1,0,0,0,1
48,49,The 100,2014,16,7.6,86,1,0,0,0,1
49,50,American Crime Story,2016,18,8.4,85,1,0,0,0,1
50,51,The Last Kingdom,2015,18,8.4,85,1,0,0,0,1
51,52,The End of the F***ing World,2017,18,8.1,85,1,0,0,0,1
52,53,New Girl,2011,16,7.7,85,1,0,0,0,1
53,54,Penny Dreadful,2014,18,8.2,85,1,0,1,0,1
54,55,One Piece,1999,7,8.8,85,1,1,0,0,1
55,56,Marvel's The Punisher,2017,18,8.5,85,1,0,0,0,1
56,57,Evil,2019,18,7.7,85,1,0,0,0,1
57,58,YOU,2018,18,7.7,85,1,0,0,0,1
58,59,Sense8,2015,18,8.3,84,1,0,0,0,1
59,60,Making a Murderer,2015,16,8.6,84,1,0,0,0,1
60,61,Unbelievable,2019,18,8.4,84,1,0,0,0,1
61,62,Arrow,2012,16,7.5,84,1,0,0,0,1
62,63,Sex Education,2019,18,8.3,84,1,0,0,0,1
63,64,Marvel's Jessica Jones,2015,18,7.9,84,1,0,0,0,1
64,65,Sweet Tooth,2021,16,7.9,84,1,0,0,0,1
65,66,Good Girls,2018,16,7.8,84,1,1,0,0,1
66,67,Death Note,2006,16,9.0,84,1,1,0,0,1
67,68,Gilmore Girls,2000,16,8.1,84,1,0,0,0,1
68,69,The Legend of Korra,2012,7,8.4,83,1,0,0,0,1
69,70,How to Get Away with Murder,2014,16,8.1,83,1,1,0,0,1
70,71,Master of None,2015,18,8.3,83,1,0,0,0,1
71,72,Chappelle's Show,2003,18,8.7,83,1,0,0,0,1
72,73,One-Punch Man,2015,7,8.8,83,1,1,0,0,1
73,74,Downton Abbey,2010,16,8.7,83,1,0,1,0,1
74,75,Gotham,2014,16,7.8,83,1,0,0,0,1
75,76,Pose,2018,18,8.6,83,1,0,0,0,1
76,77,Bodyguard,2018,18,8.1,83,1,0,0,0,1
77,78,Altered Carbon,2018,18,8.0,83,1,0,0,0,1
78,79,Ash vs Evil Dead,2015,18,8.4,83,1,0,0,0,1
79,80,The Sinner,2017,16,7.9,83,1,0,0,0,1
80,81,Our Planet,2019,0,9.3,82,1,0,0,0,1
81,82,Narcos: Mexico,2018,18,8.4,82,1,0,0,0,1
82,83,Shadow and Bone,2021,16,7.7,82,1,0,0,0,1
83,84,Castlevania,2017,18,8.3,82,1,0,0,0,1
84,85,Star Trek,1966,7,8.3,82,1,1,1,0,1
85,86,The Kominsky Method,2018,18,8.2,82,1,0,0,0,1
86,87,Hunter x Hunter,2011,16,9.0,82,1,1,0,0,1
87,88,Dead to Me,2019,18,8.0,82,1,0,0,0,1
88,89,The Haunting of Hill House,2018,18,8.6,82,1,0,0,0,1
89,90,Russian Doll,2019,18,7.9,82,1,0,0,0,1
90,91,Kingdom,2019,18,8.4,82,1,1,0,0,1
91,92,Neon Genesis Evangelion,1995,16,8.5,82,1,0,0,0,1
92,93,Naruto,2002,7,8.3,81,1,1,0,0,1
93,94,NCIS,2003,16,7.7,81,1,0,0,0,1
94,95,Manifest,2018,16,7.2,81,1,1,0,0,1
95,96,Halt and Catch Fire,2014,16,8.4,81,1,0,0,0,1
96,97,Monty Python's Flying Circus,1969,16,8.8,81,1,0,0,0,1
97,98,After Life,2019,18,8.4,81,1,0,0,0,1
98,99,Riverdale,2017,16,6.8,81,1,1,0,0,1
99,100,Big Mouth,2017,18,7.9,81,1,0,0,0,1
100,101,I Think You Should Leave with Tim Robinson,2019,18,7.8,81,1,0,0,0,1
101,102,Derry Girls,2018,16,8.4,81,1,0,0,0,1
102,103,The Promised Neverland,2019,18,8.5,81,1,1,0,0,1
103,104,Lost in Space,2018,7,7.3,80,1,1,0,0,1
104,105,Star Trek: Deep Space Nine,1993,7,8.0,80,1,1,1,0,1
105,106,Jane the Virgin,2014,16,7.8,80,1,0,0,0,1
106,107,Godless,2017,18,8.3,80,1,0,0,0,1
107,108,The OA,2016,18,7.8,80,1,0,0,0,1
108,109,DC's Legends of Tomorrow,2016,16,6.8,80,1,0,0,0,1
109,110,Sacred Games,2018,18,8.6,80,1,0,0,0,1
110,111,iZombie,2015,16,7.8,80,1,0,0,0,1
111,112,Longmire,2012,16,8.3,80,1,0,0,0,1
112,113,Happy Endings,2011,16,7.7,80,1,1,0,0,1
113,114,Into the Badlands,2015,16,8.0,80,1,0,0,0,1
114,115,The Originals,2013,16,8.2,80,1,0,0,0,1
115,116,Anne with an E,2017,0,8.7,80,1,0,0,0,1
116,117,Grace and Frankie,2015,18,8.3,80,1,0,0,0,1
117,118,Chilling Adventures of Sabrina,2018,16,7.5,80,1,0,0,0,1
118,119,Queen of the South,2016,16,8.0,79,1,0,0,0,1
119,120,A Series of Unfortunate Events,2017,7,7.8,79,1,0,0,0,1
120,121,Bridgerton,2020,0,7.3,79,1,0,0,0,1
121,122,Unorthodox,2020,18,8.0,79,1,0,0,0,1
122,123,Stargate SG-1,1997,13,8.4,79,1,1,0,0,1
123,124,Outer Banks,2020,18,7.6,79,1,0,0,0,1
124,125,13 Reasons Why,2017,18,7.6,79,1,0,0,0,1
125,126,Unbreakable Kimmy Schmidt,2015,16,7.6,79,1,0,0,0,1
126,127,Marvel's Luke Cage,2016,18,7.3,79,1,0,0,0,1
127,128,GLOW,2017,18,8.0,79,1,0,0,0,1
128,129,Borgen,2010,18,8.5,79,1,0,0,0,1
129,130,The 4400,2004,7,7.3,79,1,0,0,0,1
130,131,Alias Grace,2017,18,7.7,79,1,0,0,0,1
131,132,0 American,2018,16,7.7,79,1,0,0,0,1
132,133,Santa Clarita Diet,2017,18,7.8,79,1,0,0,0,1
133,134,Reign,2013,16,7.5,78,1,0,0,0,1
134,135,Maniac,2018,18,7.8,78,1,0,0,0,1
135,136,Dark Matter,2015,18,7.5,78,1,0,1,0,1
136,137,Star Trek: Voyager,1995,7,7.8,78,1,1,1,0,1
137,138,"Tiger King: Murder, Mayhem and Madness",2020,18,7.6,78,1,0,0,0,1
138,139,C0 the Midwife,2012,16,8.4,78,1,0,0,0,1
139,140,Queer Eye,2018,16,8.5,78,1,0,0,0,1
140,141,American Vandal,2017,16,8.2,78,1,0,0,0,1
141,142,Wynonna Earp,2016,16,7.5,78,1,0,0,0,1
142,143,Marvel's The Defenders,2017,18,7.3,78,1,0,0,0,1
143,144,HAPPY!,2017,18,8.2,77,1,0,0,0,1
144,145,Haikyu!!,2014,16,8.7,77,1,1,0,0,1
145,146,Colony,2016,16,7.4,77,1,0,0,0,1
146,147,Heartland,2007,7,8.4,77,1,0,1,0,1
147,148,Alone,2015,16,8.4,77,1,1,0,0,1
148,149,Marco Polo,2014,18,8.0,77,1,0,1,0,1
149,150,Wild Wild Country,2018,16,8.1,77,1,0,0,0,1
150,151,The Dragon Prince,2018,7,8.4,77,1,0,0,0,1
151,152,Locke & Key,2020,16,7.4,77,1,0,0,0,1
152,153,Love,2016,18,7.7,77,1,0,0,0,1
153,154,One Day at a Time,2017,7,8.2,77,1,0,0,0,1
154,155,Feel Good,2020,18,7.5,77,1,0,0,0,1
155,156,Fauda,2015,16,8.2,77,1,0,0,0,1
156,157,The Dark Crystal: Age of Resistance,2019,7,8.4,77,1,0,0,0,1
157,158,Top Boy,2011,18,8.4,77,1,0,0,0,1
158,159,I Am Not Okay with This,2020,18,7.5,77,1,0,0,0,1
159,160,Supergirl,2015,16,6.2,77,1,0,0,0,1
160,161,The Shannara Chronicles,2016,16,7.2,77,1,0,0,0,1
161,162,Designated Survivor,2016,7,7.5,77,1,0,0,0,1
162,163,Travelers,2016,16,8.1,77,1,0,0,0,1
163,164,StartUp,2016,18,7.9,77,1,0,0,0,1
164,165,Ripper Street,2012,18,8.1,77,1,0,0,0,1
165,166,Episodes,2011,18,7.8,77,1,0,0,0,1
166,167,Crazy Ex-Girlfriend,2015,16,7.8,76,1,0,0,0,1
167,168,Bloodline,2015,18,7.9,76,1,0,0,0,1
168,169,Black Summer,2019,18,6.5,76,1,0,0,0,1
169,170,The Borgias,2011,18,7.9,76,1,0,0,0,1
170,171,Glee,2009,16,6.7,76,1,0,1,0,1
171,172,The Stranger,2020,18,7.3,76,1,0,0,0,1
172,173,Virgin River,2019,16,7.4,76,1,0,0,0,1
173,174,Lilyhammer,2012,18,8.0,76,1,0,0,0,1
174,175,Dirty John,2018,18,7.2,76,1,0,0,0,1
175,176,TURN: Washington's Spies,2014,16,8.1,76,1,0,0,0,1
176,177,Star Trek: Enterprise,2001,7,7.5,76,1,1,1,0,1
177,178,She-Ra and the Princesses of Power,2018,0,7.9,75,1,0,0,0,1
178,179,Merlin,2008,7,7.9,75,1,1,1,0,1
179,180,The Magicians,2015,16,7.6,75,1,0,0,0,1
180,181,Ginny & Georgia,2021,16,7.5,75,1,0,0,0,1
181,182,The Spy,2019,18,7.9,75,1,0,0,0,1
182,183,On My Block,2018,16,8.0,75,1,0,0,0,1
183,184,The Movies That Made Us,2019,18,7.8,75,1,0,0,0,1
184,185,Chef's Table,2015,0,8.5,75,1,0,0,0,1
185,186,Biohackers,2020,18,6.8,75,1,0,0,0,1
186,187,The Seven Deadly Sins,2014,16,8.0,75,1,0,0,0,1
187,188,The Keepers,2017,16,8.1,75,1,0,0,0,1
188,189,F is for Family,2015,18,8.0,74,1,0,0,0,1
189,190,The Midnight Gospel,2020,18,8.2,74,1,0,0,0,1
190,191,Ragnarok,2020,18,7.5,74,1,0,1,0,1
191,192,Legacies,2018,16,7.4,74,1,0,0,0,1
192,193,The Order,2019,18,6.8,74,1,0,0,0,1
193,194,Disenchantment,2018,16,7.2,74,1,0,0,0,1
194,195,Dead Set,2008,18,7.6,74,1,0,0,0,1
195,196,Dirty Money,2018,16,8.1,74,1,0,0,0,1
196,197,The Staircase,2005,16,7.9,74,1,0,0,0,1
197,198,Soul Eater,2008,16,7.8,74,1,1,0,0,1
198,199,Into the Night,2020,18,7.1,74,1,0,0,0,1
199,200,The Haunting of Bly Manor,2020,0,7.4,74,1,0,0,0,1
200,201,Julie and the Phantoms,2020,7,8.5,74,1,0,0,0,1
201,202,Leyla ile Mecnun,2011,7,9.1,74,1,0,0,0,1
202,203,Living with Yourself,2019,18,7.2,74,1,0,0,0,1
203,204,Young Royals,2021,0,8.6,74,1,0,0,0,1
204,205,Hilda,2018,7,8.6,74,1,0,0,0,1
205,206,The Mechanism,2018,18,8.4,74,1,0,0,0,1
206,207,ERASED,2016,16,8.5,74,1,1,0,0,1
207,208,Formula 1: Drive to Survive,2019,16,8.6,74,1,0,0,0,1
208,209,Don't F**k with Cats: Hunting an Internet Killer,2019,18,8.0,74,1,0,0,0,1
209,210,Kim's Convenience,2016,16,8.2,73,1,0,0,0,1
210,211,The Society,2019,18,7.1,73,1,0,0,0,1
211,212,Imposters,2017,16,7.8,73,1,0,0,0,1
212,213,Frequency,2016,7,7.5,73,1,0,1,0,1
213,214,Wentworth,2013,18,8.6,73,1,0,0,0,1
214,215,Marvel's Iron Fist,2017,18,6.5,73,1,0,0,0,1
215,216,Bleach,2004,18,8.1,73,1,1,0,0,1
216,217,Quantico,2015,16,6.7,73,1,0,0,0,1
217,218,Shooter,2016,16,7.5,73,1,0,0,0,1
218,219,Pokémon,1997,7,7.5,73,1,1,1,0,1
219,220,Hollywood,2020,18,7.5,73,1,0,0,0,1
220,221,Madam Secretary,2014,16,7.6,73,1,0,0,0,1
221,222,Last Tango in Halifax,2012,16,8.3,73,1,0,0,0,1
222,223,Safe,2018,18,7.3,73,1,1,0,0,1
223,224,Resurrection: Ertugrul,2014,16,8.0,73,1,0,0,0,1
224,225,Versailles,2015,18,7.9,73,1,0,0,0,1
225,226,Sex/Life,2021,18,5.4,73,1,0,0,0,1
226,227,Fullmetal Alchemist,2003,16,8.5,73,1,0,0,0,1
227,228,Marianne,2019,18,7.5,73,1,0,0,0,1
228,229,Five Came Back,2017,16,8.3,73,1,0,0,0,1
229,230,Miraculous: Tales of Ladybug & Cat Noir,2015,7,7.7,73,1,0,0,0,1
230,231,Abstract: The Art of Design,2017,16,8.4,73,1,0,0,0,1
231,232,Teenage Bounty Hunters,2020,18,7.7,72,1,0,0,0,1
232,233,Documentary Now!,2015,18,8.1,72,1,0,0,0,1
233,234,Special,2019,18,7.6,72,1,0,0,0,1
234,235,JoJo's Bizarre Adventure,2012,18,8.4,72,1,1,0,0,1
235,236,Manhunt,2017,16,8.1,72,1,0,0,0,1
236,237,Your Lie in April,2014,7,8.6,72,1,1,0,0,1
237,238,Code Geass: Lelouch of the Rebellion,2006,18,8.7,72,1,0,0,0,1
238,239,Middleditch & Schwartz,2020,18,8.6,72,1,0,0,0,1
239,240,Zoo,2015,16,6.7,72,1,0,0,0,1
240,241,Jupiters Legacy,2021,18,6.7,72,1,0,0,0,1
241,242,Ratched,2020,18,7.3,72,1,0,0,0,1
242,243,Babylon Berlin,2017,18,8.4,72,1,0,0,0,1
243,244,Better Than Us,2018,0,7.4,72,1,0,0,0,1
244,245,Everything Sucks!,2018,16,7.5,72,1,0,0,0,1
245,246,Evil Genius,2018,18,7.5,72,1,0,0,0,1
246,247,Doctor Foster,2015,16,7.7,72,1,0,0,0,1
247,248,Marcella,2016,18,7.4,72,1,0,0,0,1
248,249,Survivor,2000,7,7.2,72,1,1,1,0,1
249,250,Derek,2013,7,8.0,72,1,0,0,0,1
250,251,Flowers,2016,0,8.2,72,1,0,0,0,1
251,252,3%,2016,18,7.4,72,1,0,0,0,1
252,253,Tuca & Bertie,2019,18,7.4,72,1,0,0,0,1
253,254,Kuroko's Basketb0,2012,0,8.3,72,1,0,0,0,1
254,255,Parasyte -the maxim-,2014,18,8.3,72,1,1,0,0,1
255,256,Last Chance U,2016,16,8.4,71,1,0,0,0,1
256,257,Trailer Park Boys,2001,18,8.5,71,1,0,0,0,1
257,258,Black Lightning,2018,16,6.1,71,1,0,0,0,1
258,259,Chicago Med,2015,16,7.6,71,1,1,0,0,1
259,260,How to Sell Drugs Online (Fast),2019,18,7.9,71,1,0,0,0,1
260,261,Secret City,2016,18,7.4,71,1,0,0,0,1
261,262,Dynasty,2017,16,7.3,71,1,0,0,0,1
262,263,Dracula,2020,18,6.8,71,1,0,0,0,1
263,264,Delhi Crime,2019,0,8.5,71,1,0,0,0,1
264,265,Space Force,2020,18,6.7,71,1,0,0,0,1
265,266,Pretend It's a City,2021,16,8.1,71,1,0,0,0,1
266,267,Masters of the Universe: Revelation,2021,7,4.9,71,1,0,0,0,1
267,268,iCarly,2007,0,6.7,71,1,0,0,0,1
268,269,Who Killed Sara?,2021,18,6.4,71,1,0,0,0,1
269,270,Sword Art Online,2012,18,7.6,71,1,1,0,0,1
270,271,Paranormal,2020,7,8.5,71,1,0,0,0,1
271,273,Frontier,2016,18,7.2,71,1,0,0,0,1
272,274,The Politician,2019,16,7.5,71,1,0,0,0,1
273,275,Raising Dion,2019,7,7.2,71,1,0,0,0,1
274,276,Food Wars! Shokugeki no Soma,2015,18,8.2,71,1,1,0,0,1
275,277,Crash Landing on You,2019,16,8.7,71,1,0,0,0,1
276,278,Seven Seconds,2018,18,7.7,71,1,0,0,0,1
277,279,The Great British Bake Off,2010,7,8.5,70,1,0,0,0,1
278,280,Wizards: Tales of Arcadia,2020,7,8.2,70,1,0,0,0,1
279,281,Conversations with a Killer: The Ted Bundy Tapes,2019,18,7.8,70,1,0,0,0,1
280,282,Lenox Hill,2020,0,8.7,70,1,0,0,0,1
281,283,Fate: The Winx Saga,2021,18,6.9,70,1,0,0,0,1
282,284,The Circle,2020,18,7.3,70,1,0,1,0,1
283,285,Cheer,2020,16,8.1,70,1,0,0,0,1
284,286,Hemlock Grove,2013,18,7.1,70,1,0,0,0,1
285,287,Transformers: War for Cybertron: Siege,2020,16,7.4,70,1,0,0,0,1
286,288,Explained,2018,16,8.0,70,1,0,0,0,1
287,289,Messiah,2020,18,7.6,70,1,0,0,0,1
288,290,Sky Rojo,2021,18,6.5,70,1,0,0,0,1
289,291,Bonding,2019,18,7.2,70,1,0,0,0,1
290,292,I'm Sorry,2017,7,8.0,70,1,0,0,0,1
291,293,Katla,2021,18,7.1,70,1,0,0,0,1
292,294,It's Okay to Not Be Okay,2020,16,8.8,70,1,0,0,0,1
293,295,Forensic Files,1996,16,8.8,70,1,1,1,0,1
294,296,Workin' Moms,2017,18,7.6,70,1,0,0,0,1
295,297,The Toys That Made Us,2017,16,8.1,70,1,0,0,0,1
296,298,The Devil Next Door,2019,18,7.6,70,1,0,0,0,1
297,299,Kipo and the Age of Wonderbeasts,2020,7,8.4,70,1,0,0,0,1
298,300,"Roswell, New Mexico",2019,16,6.2,70,1,0,0,0,1
299,301,Night Stalker: The Hunt For a Serial Killer,2021,18,7.5,70,1,0,0,0,1
300,302,Glitch,2015,16,7.3,70,1,0,0,0,1
301,303,Great Pretender,2020,18,8.0,69,1,0,0,0,1
302,304,InuYasha,2000,16,7.9,69,1,1,0,0,1
303,305,In the Dark,2019,16,7.5,69,1,0,0,0,1
304,306,GHOUL,2018,18,7.1,69,1,0,0,0,1
305,307,Nailed It!,2018,7,7.4,69,1,0,0,0,1
306,308,Voltron: Legendary Defender,2016,7,8.1,69,1,0,0,0,1
307,309,Trollhunters: Tales of Arcadia,2016,7,8.4,69,1,0,0,0,1
308,310,Sweet Magnolias,2020,16,7.4,69,1,0,0,0,1
309,311,Medici: Masters of Florence,2016,7,7.9,69,1,0,0,0,1
310,312,The Innocent,2021,0,7.9,69,1,0,0,0,1
311,313,Aggretsuko,2018,16,8.1,69,1,0,0,0,1
312,314,Jurassic World: Camp Cretaceous,2020,7,7.5,69,1,0,0,0,1
313,315,Rake,2010,16,8.5,69,1,1,1,0,1
314,316,The Serpent,2021,0,7.6,69,1,0,0,0,1
315,317,The Gift,2019,18,7.2,69,1,1,0,0,1
316,318,Violet Evergarden,2018,16,8.5,69,1,0,0,0,1
317,319,3Below: Tales of Arcadia,2018,7,7.7,69,1,0,0,0,1
318,320,Jeffrey Epstein: Filthy Rich,2020,18,7.1,69,1,0,0,0,1
319,321,Dawson's Creek,1998,7,6.6,69,1,1,0,0,1
320,322,Private Practice,2007,16,6.7,69,1,1,0,0,1
321,323,Beauty and the Beast,2012,7,7.0,69,1,0,0,1,1
322,324,Daybreak,2019,18,6.7,69,1,0,0,0,1
323,325,Easy,2016,18,6.9,69,1,0,0,0,1
324,326,Behind Her Eyes,2021,18,7.2,68,1,0,0,0,1
325,327,Collateral,2018,18,6.8,68,1,0,0,0,1
326,328,Knightf0,2017,16,6.8,68,1,0,0,0,1
327,329,The Confession Killer,2019,16,7.4,68,1,0,0,0,1
328,330,Sophie: A Murder In West Cork,2021,18,6.9,68,1,0,0,0,1
329,331,C0 My Agent!,2015,16,8.3,68,1,0,0,0,1
330,332,My Little Pony: Friendship Is Magic,2010,7,7.6,68,1,1,0,0,1
331,333,Leah Remini: Scientology and the Aftermath,2016,16,9.0,68,1,1,0,0,1
332,334,Containment,2016,16,7.2,68,1,0,0,0,1
333,335,Z Nation,2014,16,6.7,68,1,0,0,0,1
334,336,Emily in Paris,2020,18,7.0,68,1,0,0,0,1
335,337,Victorious,2010,7,6.9,68,1,0,0,0,1
336,338,Scream: The TV Series,2015,16,7.1,68,1,0,0,0,1
337,339,Akame ga Kill!,2014,18,7.8,68,1,1,0,0,1
338,340,Warrior Nun,2020,18,6.9,68,1,0,0,0,1
339,341,Bad Blood,2017,18,7.5,68,1,0,0,0,1
340,342,Young & Hungry,2014,16,7.4,68,1,0,0,0,1
341,343,Caliphate,2020,18,8.2,68,1,0,0,0,1
342,344,'0o '0o!,1984,0,8.3,68,1,0,0,0,1
343,345,Good Witch,2015,7,7.3,68,1,0,0,0,1
344,346,Gilmore Girls: A Year in the Life,2016,16,7.6,68,1,0,0,0,1
345,347,Aquarius,2015,16,7.1,68,1,0,0,0,1
346,348,Firefly Lane,2021,18,7.4,67,1,0,0,0,1
347,349,White Gold,2017,18,7.4,67,1,0,0,0,1
348,350,Hyperdrive,2019,7,8.1,67,1,0,1,0,1
349,351,Reply 1988,2015,0,9.1,67,1,0,0,0,1
350,352,Ninjago: Masters of Spinjitzu,2012,0,7.2,67,1,0,1,0,1
351,353,Spotless,2015,0,7.8,67,1,0,0,0,1
352,354,Devilman: Crybaby,2018,0,7.6,67,1,0,0,0,1
353,355,BEASTARS,2019,18,7.8,67,1,0,0,0,1
354,356,Kill la Kill,2013,18,7.9,67,1,0,0,0,1
355,357,Down to Earth with Zac Efron,2020,7,8.1,67,1,0,0,0,1
356,358,Ancient Aliens,2010,7,7.2,67,1,1,1,0,1
357,359,Slasher,2016,18,6.7,67,1,0,0,0,1
358,360,Ray,2021,0,7.3,67,1,0,0,0,1
359,361,Time: The Kalief Browder Story,2017,16,8.5,67,1,0,0,0,1
360,362,Away,2020,16,6.6,67,1,0,0,0,1
361,363,No Tomorrow,2016,7,7.3,67,1,0,0,0,1
362,364,Locked Up,2015,18,8.2,67,1,0,0,0,1
363,365,The Frankenstein Chronicles,2015,16,7.3,67,1,0,0,0,1
364,366,The Ranch,2016,16,7.5,67,1,0,0,0,1
365,367,Cursed,2020,18,5.9,67,1,0,0,0,1
366,368,Wu Assassins,2019,18,6.5,67,1,0,0,0,1
367,369,Mr. Sunshine,2018,18,8.8,67,1,0,0,0,1
368,370,The Unicorn,2019,7,7.2,67,1,1,0,0,1
369,371,Anohana: The Flower We Saw That Day,2011,16,8.2,67,1,0,0,0,1
370,372,Alice in Borderland,2020,0,7.7,67,1,0,0,0,1
371,373,The Ch0enge,1998,16,7.7,67,1,1,1,0,1
372,374,Gypsy,2017,18,6.8,67,1,0,0,0,1
373,375,Fuller House,2016,7,6.7,67,1,0,0,0,1
374,376,How to Become a Tyrant,2021,0,7.4,67,1,0,0,0,1
375,377,Killer Inside: The Mind of Aaron Hernandez,2020,18,7.4,67,1,0,0,0,1
376,378,RESIDENT EVIL: Infinite Darkness,2021,18,5.8,67,1,0,0,0,1
377,379,1983,2018,18,6.8,67,1,0,0,0,1
378,380,Wet Hot American Summer: First Day of Camp,2015,16,7.4,67,1,0,0,0,1
379,381,The Baker and the Beauty,2020,16,7.4,67,1,0,1,0,1
380,382,Spinning Out,2020,18,7.6,67,1,0,0,0,1
381,383,Trinkets,2019,18,7.1,67,1,0,0,0,1
382,384,Insatiable,2018,18,6.5,67,1,0,0,0,1
383,385,The Chalet,2018,18,7.0,67,1,0,0,0,1
384,386,We Bare Bears,2015,7,7.9,67,1,1,0,0,1
385,387,Gurren Lagann,2007,16,8.3,66,1,0,0,0,1
386,388,Friends from College,2017,18,6.9,66,1,0,0,0,1
387,389,Jericho,2006,16,7.3,66,1,0,0,0,1
388,390,Tidelands,2018,18,7.0,66,1,0,0,0,1
389,391,Dear White People,2017,18,6.2,66,1,1,0,0,1
390,392,Dare Me,2019,18,6.7,66,1,0,0,0,1
391,393,Ouran High School Host Club,2006,16,8.2,66,1,1,0,0,1
392,394,Scooby-Doo! Mystery Incorporated,2010,7,8.0,66,1,0,0,0,1
393,395,The Untamed,2019,16,9.0,66,1,0,0,0,1
394,396,Stranger,2017,18,8.6,66,1,0,0,0,1
395,397,El Chapo,2017,18,7.8,66,1,0,0,0,1
396,398,Great News,2017,7,7.0,66,1,0,0,0,1
397,399,The Get Down,2016,16,8.3,66,1,0,0,0,1
398,400,The Naked Director,2019,18,7.7,66,1,0,0,0,1
399,401,Rise of Empires: Ottoman,2020,18,7.9,66,1,0,0,0,1
400,402,Club de Cuervos,2015,18,8.2,66,1,0,0,0,1
401,403,My Mister,2018,0,9.1,66,1,0,0,0,1
402,404,Toradora!,2008,16,8.0,66,1,0,1,0,1
403,405,The Baby-Sitters Club,2020,7,7.4,66,1,0,1,0,1
404,406,Carole & Tuesday,2019,7,7.9,66,1,0,0,0,1
405,407,Van Helsing,2016,16,6.2,66,1,0,0,0,1
406,408,Vincenzo,2021,0,8.5,66,1,0,0,0,1
407,409,The Night Shift,2014,16,7.4,66,1,0,0,0,1
408,410,"Pablo Escobar, The Drug Lord",2012,18,8.5,66,1,0,0,0,1
409,411,No Game No Life,2014,16,7.8,66,1,0,0,0,1
410,412,The King: Eternal Monarch,2020,16,8.3,66,1,0,0,0,1
411,413,Eden,2021,7,6.7,65,1,0,1,0,1
412,414,Stateless,2020,16,7.6,65,1,0,0,0,1
413,415,High Score,2020,16,7.4,65,1,0,0,0,1
414,416,Hospital Playlist,2020,0,8.7,65,1,0,0,0,1
415,417,Dash & Lily,2020,7,8.0,65,1,0,0,0,1
416,418,The Confession Tapes,2017,16,7.5,65,1,0,0,0,1
417,419,Black Butler,2008,18,7.8,65,1,1,0,0,1
418,420,The Rain,2018,18,6.3,65,1,0,0,0,1
419,421,Love Is Blind,2020,18,6.1,65,1,0,1,0,1
420,422,Trial by Media,2020,16,7.2,65,1,0,0,0,1
421,423,Wormwood,2017,16,7.0,65,1,0,0,0,1
422,424,Fear City: New York vs The Mafia,2020,18,7.1,65,1,0,0,0,1
423,425,Sorjonen,2016,18,7.6,65,1,0,0,0,1
424,426,Crashing,2016,0,7.7,65,1,0,0,0,1
425,427,Forged in Fire,2015,7,8.4,65,1,1,1,0,1
426,428,Baby,2018,18,6.8,65,1,0,0,0,1
427,429,Sweet Home,2020,0,7.4,65,1,0,0,0,1
428,430,The Disastrous Life of Saiki K.,2016,16,8.3,65,1,0,0,0,1
429,431,The Innocence Files,2020,18,8.0,65,1,0,0,0,1
430,432,BNA,2020,16,7.2,65,1,0,0,0,1
431,433,The Mist,2017,16,5.4,65,1,0,0,0,1
432,434,Halston,2021,18,7.5,65,1,0,1,0,1
433,435,Shaun the Sheep,2007,0,8.2,65,1,0,1,0,1
434,436,The Universe,2007,16,8.7,65,1,0,1,0,1
435,437,Self Made: Inspired by the Life of Madam C.J. Walker,2020,18,7.3,65,1,0,0,0,1
436,438,Shtisel,2013,16,8.6,65,1,0,0,0,1
437,439,The Boss Baby: Back in Business,2018,7,6.5,65,1,0,0,0,1
438,440,Puella Magi Madoka Magica,2011,16,8.3,65,1,1,0,0,1
439,441,Masameer County,2021,0,8.3,65,1,0,0,0,1
440,442,Sinatra: 0 or Nothing at 0,2015,7,8.0,65,1,0,0,0,1
441,443,Comedians in Cars Getting Coffee,2012,16,8.1,65,1,0,0,0,1
442,444,Senora Acero,2014,16,7.1,65,1,1,0,0,1
443,445,Dark Tourist,2018,18,7.5,65,1,0,0,0,1
444,446,Criminal: UK,2019,18,7.6,65,1,0,0,0,1
445,447,Heist,2021,0,6.8,65,1,0,0,0,1
446,448,The Bureau of Magical Things,2018,7,6.7,65,1,0,0,0,1
447,449,Cleverman,2016,16,6.4,65,1,0,0,0,1
448,450,The Innocent Man,2018,18,7.3,65,1,0,0,0,1
449,451,Norsemen,2016,18,7.8,65,1,0,0,0,1
450,452,Word of Honor,2021,0,9.1,65,1,0,0,0,1
451,453,Pawn Stars,2009,7,7.2,65,1,1,1,0,1
452,454,Inside Bill's Brain: Decoding Bill Gates,2019,16,7.9,65,1,0,0,0,1
453,455,Damnation,2017,18,7.7,65,1,0,0,0,1
454,456,From Dusk Till Dawn: The Series,2014,18,6.9,64,1,0,0,0,1
455,457,Lovesick,2014,18,8.1,64,1,0,0,0,1
456,458,Flint Town,2018,18,7.9,64,1,0,0,0,1
457,459,Watership Down,2018,7,7.2,64,1,0,0,0,1
458,460,Undercover,2019,18,7.8,64,1,0,1,0,1
459,461,Rita,2012,16,8.1,64,1,0,0,0,1
460,462,Dorohedoro,2020,18,8.2,64,1,0,0,0,1
461,463,Maid Sama!,2010,16,8.0,64,1,1,0,0,1
462,464,Mystery Science Theater 3000: The Return,2017,16,8.0,64,1,0,0,0,1
463,465,Is It Wrong to Try to Pick Up Girls in a Dungeon?,2015,16,7.4,64,1,1,0,0,1
464,466,Surviving R. Kelly,2019,18,7.5,64,1,0,0,0,1
465,467,Saint Seiya,1986,7,8.5,64,1,0,1,0,1
466,468,Flaked,2016,18,7.2,64,1,0,0,0,1
467,469,Fate/Zero,2011,18,8.3,64,1,0,0,0,1
468,470,Crazyhead,2016,16,7.3,64,1,0,0,0,1
469,471,The Five,2016,7,7.6,64,1,0,0,0,1
470,472,Signal,2016,0,8.6,64,1,0,0,0,1
471,473,H2O: Just Add Water,2006,0,7.2,64,1,1,0,0,1
472,474,Requiem,2018,18,6.5,64,1,0,0,0,1
473,475,The Valh0a Murders,2019,18,7.1,64,1,0,0,0,1
474,476,Cardcaptor Sakura,1998,7,8.0,64,1,0,0,0,1
475,477,Black Earth Rising,2018,16,7.5,64,1,0,0,0,1
476,478,W/ Bob & David,2015,18,7.4,64,1,0,0,0,1
477,479,The Trials of Gabriel Fernandez,2020,18,8.1,64,1,0,0,0,1
478,480,She's Gotta Have It,2017,18,6.8,64,1,0,0,0,1
479,481,Save Me,2018,16,7.7,64,1,0,0,0,1
480,482,Giri/Haji,2019,0,7.9,64,1,0,0,0,1
481,484,The Curse of Oak Island,2014,7,7.0,64,1,1,0,0,1
482,485,Black,2017,16,8.0,63,1,0,0,0,1
483,486,Losers,2019,0,7.7,63,1,0,0,0,1
484,487,Ajin,2016,18,7.6,63,1,0,0,0,1
485,488,Ink Master,2012,16,7.4,63,1,0,0,0,1
486,489,The Innocents,2018,0,6.3,63,1,0,0,0,1
487,490,Goosebumps,1995,0,7.7,63,1,0,0,0,1
488,491,Vampire Knight,2008,16,7.4,63,1,1,0,0,1
489,492,Angel Beats!,2010,16,7.7,63,1,0,0,0,1
490,493,Green Eggs and Ham,2019,7,8.2,63,1,0,0,0,1
491,494,The Hollow,2018,7,7.2,63,1,0,0,0,1
492,495,Dogs,2018,0,8.1,63,1,0,0,0,1
493,496,November 13: Attack on Paris,2018,18,8.3,63,1,0,0,0,1
494,497,It's Bruno!,2019,7,7.5,63,1,0,0,0,1
495,498,Wanted,2016,16,7.7,63,1,0,0,0,1
496,499,Masum,2017,16,8.4,63,1,0,0,0,1
497,500,Cable Girls,2017,18,7.6,63,1,0,0,0,1
498,501,Lady Dynamite,2016,16,7.4,63,1,0,0,0,1
499,502,Power Rangers,1993,7,6.5,63,1,0,1,0,1
500,503,The Mire,2018,18,6.9,63,1,0,0,0,1
501,504,Tabula Rasa,2017,18,8.0,63,1,0,0,0,1
502,505,Ethos,2020,0,8.6,63,1,0,0,0,1
503,506,Clannad,2007,7,7.9,63,1,1,0,0,1
504,507,Ugly Delicious,2018,18,7.8,63,1,0,0,0,1
505,508,Generation 56k,2021,0,7.4,63,1,0,0,0,1
506,509,Fate/stay night [Unlimited Blade Works],2014,18,8.0,63,1,1,0,0,1
507,510,Man with a Plan,2016,7,7.0,63,1,0,0,0,1
508,511,Rilakkuma and Kaoru,2019,7,8.3,63,1,0,0,0,1
509,512,World War II In HD Colour,2009,7,8.7,63,1,0,0,0,1
510,513,Boys Over Flowers,2009,16,7.9,63,1,1,0,0,1
511,514,Meteor Garden,2018,16,8.1,63,1,0,0,0,1
512,515,"What's New, Scooby-Doo?",2002,7,7.3,63,1,0,0,0,1
513,516,The Letdown,2017,0,7.5,63,1,0,0,0,1
514,517,Sick Note,2017,18,6.8,63,1,0,0,0,1
515,518,Big Time Rush,2009,0,6.4,63,1,1,1,0,1
516,519,Girlboss,2017,18,7.0,63,1,0,0,0,1
517,520,Quicksand,2019,18,7.5,63,1,0,0,0,1
518,521,Rotten,2018,18,7.2,63,1,0,0,0,1
519,522,The Irregulars,2021,18,5.9,63,1,0,0,0,1
520,523,The Mantis,2017,0,7.4,63,1,0,0,0,1
521,524,College Romance,2018,18,8.8,63,1,0,0,0,1
522,525,Elite Short Stories: Carla Samuel,2021,18,7.0,63,1,0,0,0,1
523,526,Bard of Blood,2019,18,6.9,63,1,0,0,0,1
524,527,Charmed,2018,16,4.6,62,1,0,0,0,1
525,528,The New Legends of Monkey,2018,7,6.5,62,1,0,0,0,1
526,529,Nevertheless,2021,0,7.6,62,1,0,0,0,1
527,530,"The Mind, Explained",2019,16,8.0,62,1,0,0,0,1
528,531,Fast & Furious Spy Racers,2019,7,5.5,62,1,0,0,0,1
529,532,Itaewon Class,2020,0,8.2,62,1,0,0,0,1
530,533,Occupied,2015,16,7.7,62,1,0,0,0,1
531,534,The Magic School Bus,1994,0,7.8,62,1,0,0,0,1
532,535,Toast of London,2013,16,8.2,62,1,0,0,0,1
533,536,Patriot Act with Hasan Minhaj,2018,18,8.3,62,1,0,0,0,1
534,537,Greatest Events of World War II in Colour,2019,16,8.7,62,1,0,0,0,1
535,538,Offspring,2010,16,8.3,62,1,0,0,0,1
536,539,Blown Away,2019,7,7.1,62,1,0,0,0,1
537,540,60 Days In,2016,16,7.7,62,1,1,1,0,1
538,541,Trese,2021,18,7.1,62,1,0,0,0,1
539,542,Move to Heaven,2021,0,8.7,62,1,0,0,0,1
540,543,Hot Girls Wanted: Turned On,2017,18,6.6,62,1,0,0,0,1
541,544,The Heirs,2013,16,7.5,62,1,0,0,0,1
542,545,The Curious Creations of Christine McConnell,2018,7,7.8,62,1,0,0,0,1
543,546,Alexa & Katie,2018,0,7.5,62,1,0,0,0,1
544,547,Sailor Moon Crystal,2014,16,8.0,62,1,1,0,0,1
545,548,Blood of Zeus,2020,0,7.5,62,1,0,0,0,1
546,549,La Reina del Sur,2011,18,8.0,62,1,0,0,0,1
547,550,Barbarians,2020,0,7.2,62,1,0,0,0,1
548,551,Pine Gap,2018,16,7.2,62,1,0,0,0,1
549,552,To the Lake,2019,0,7.3,62,1,0,0,0,1
550,553,Suburra: Blood on Rome,2017,18,7.9,62,1,0,0,0,1
551,554,Taco Chronicles,2019,18,7.9,62,1,0,0,0,1
552,555,She,2020,18,6.5,62,1,0,0,0,1
553,556,Between,2015,16,6.0,62,1,0,0,0,1
554,557,Velvet,2014,16,8.1,62,1,0,0,0,1
555,558,Bobby Kennedy for President,2018,16,8.2,62,1,0,0,0,1
556,559,Durarara!!,2010,16,7.9,62,1,1,0,0,1
557,560,Yu-Gi-Oh!,1998,0,7.9,62,1,1,1,0,1
558,561,Hostages,2013,16,6.7,62,1,0,0,0,1
559,562,Rhythm  Flow,2019,18,7.7,62,1,0,0,0,1
560,563,Blue Exorcist,2011,16,7.4,62,1,1,0,0,1
561,564,L.A.'s Finest,2019,16,6.0,62,1,0,0,0,1
562,565,Vagabond,2019,0,8.3,62,1,0,0,0,1
563,566,Thomas & Friends,1984,0,6.6,62,1,0,1,0,1
564,567,The Protector,2018,18,6.7,61,1,0,0,0,1
565,568,Unsolved Mysteries,1987,7,8.2,61,1,1,1,0,1
566,569,Too Hot to Handle,2020,18,4.6,61,1,0,0,0,1
567,570,AJ and the Queen,2020,0,7.5,61,1,0,0,0,1
568,571,Are You The One?,2014,16,6.5,61,1,1,0,0,1
569,572,Little Things,2016,18,8.3,61,1,0,0,0,1
570,573,Still Game,2002,16,8.8,61,1,0,0,0,1
571,574,Transformers: Prime,2010,7,7.9,61,1,0,0,0,1
572,575,Henry Danger,2014,0,5.7,61,1,0,0,0,1
573,576,Tidying Up with Marie Kondo,2019,7,6.6,61,1,0,0,0,1
574,577,Nightflyers,2018,18,5.9,61,1,0,0,0,1
575,578,Love 101,2020,18,7.5,61,1,0,0,0,1
576,579,Car Masters: Rust to Riches,2018,7,8.8,61,1,0,0,0,1
577,580,WHAT / IF,2019,18,6.3,61,1,0,0,0,1
578,581,Total Drama Island,2007,7,7.2,61,1,0,0,0,1
579,582,Roman Empire,2016,16,7.0,61,1,0,0,0,1
580,583,Beyond Evil,2021,0,8.1,61,1,0,0,0,1
581,584,Deadwind,2018,18,7.2,61,1,0,0,0,1
582,585,People Just Do Nothing,2014,18,8.5,61,1,0,0,0,1
583,586,B: The Beginning,2018,18,7.2,61,1,0,0,0,1
584,587,Somebody Feed Phil,2018,16,8.2,61,1,0,0,0,1
585,588,Girl from Nowhere,2018,18,7.7,61,1,0,0,0,1
586,589,Cocaine Coast,2018,18,7.9,61,1,0,0,0,1
587,590,The Liberator,2020,7,7.6,61,1,0,0,0,1
588,591,The Irregular at Magic High School,2014,16,7.2,61,1,0,0,0,1
589,592,Norm Macdonald Has a Show,2018,0,8.7,61,1,0,0,0,1
590,593,Hap and Leonard,2016,18,7.7,61,1,0,0,0,1
591,594,Dark Desire,2020,18,6.5,61,1,0,0,0,1
592,595,Seis Manos,2019,18,7.2,61,1,0,0,0,1
593,596,Control Z,2020,18,6.9,61,1,0,0,0,1
594,597,Kengan Ashura,2019,0,8.0,61,1,0,0,0,1
595,598,Black Money Love,2014,0,7.3,61,1,0,0,0,1
596,599,Dave Chappelle,2017,0,8.7,61,1,0,0,0,1
597,600,The House of Flowers,2018,18,7.6,61,1,0,0,0,1
598,601,Fatma,2021,0,7.5,61,1,0,0,0,1
599,602,America's Next Top Model,2003,7,5.5,61,1,1,1,0,1
600,603,Tribes of Europa,2021,18,6.8,61,1,0,0,0,1
601,604,Grand Army,2020,0,7.6,61,1,0,0,0,1
602,605,Somos.,2021,18,7.2,61,1,0,0,0,1
603,606,The Great Heist,2020,18,7.3,61,1,0,0,0,1
604,607,The One,2021,18,6.6,61,1,0,0,0,1
605,608,Carmen Sandiego,2019,7,7.9,61,1,0,0,0,1
606,609,The Chef Show,2019,18,8.2,61,1,0,0,0,1
607,610,Traitors,2019,18,6.6,61,1,0,0,0,1
608,611,Wet Hot American Summer: Ten Years Later,2017,16,6.9,61,1,0,0,0,1
609,612,The Neighbor,2019,18,6.6,60,1,0,0,0,1
610,613,Salt Fat Acid Heat,2018,0,7.7,60,1,0,0,0,1
611,614,Billy on the Street,2011,16,7.8,60,1,1,0,0,1
612,615,October Faction,2020,18,6.2,60,1,0,0,0,1
613,616,Start-Up,2020,16,8.1,60,1,0,0,0,1
614,617,Night on Earth,2020,7,8.2,60,1,0,0,0,1
615,618,DOTA: Dragon's Blood,2021,18,8.0,60,1,0,0,0,1
616,619,The Break,2016,18,7.6,60,1,0,0,0,1
617,620,The Letter for the King,2020,7,5.9,60,1,0,0,0,1
618,621,Osmosis,2019,16,5.9,60,1,0,0,0,1
619,622,Another Life,2019,18,5.0,60,1,0,0,0,1
620,623,Ju-On: Origins,2020,18,6.1,60,1,0,0,0,1
621,624,Diagnosis,2019,18,7.7,60,1,0,0,0,1
622,625,Zone Blanche,2017,0,7.5,60,1,0,0,0,1
623,626,The Eddy,2020,18,7.2,60,1,0,0,0,1
624,627,Magi,2012,16,7.8,60,1,1,0,0,1
625,628,Elite Short Stories: Guzmán Caye Rebe,2021,18,7.5,60,1,0,0,0,1
626,629,Memories of the Alhambra,2018,16,7.8,60,1,0,0,0,1
627,630,Pacific Rim: The Black,2021,16,7.1,60,1,0,0,0,1
628,631,V Wars,2019,18,6.1,60,1,0,0,0,1
629,632,The Windsors,2016,18,7.1,60,1,0,0,0,1
630,633,The Sons of Sam: A Descent Into Darkness,2021,18,7.0,60,1,0,0,0,1
631,634,Sunderland 'Til I Die,2018,18,8.1,60,1,0,0,0,1
632,635,Rebellion,2016,16,7.2,60,1,0,0,0,1
633,636,The Pharmacist,2020,0,7.7,60,1,0,0,0,1
634,637,The A List,2018,7,5.5,60,1,0,0,0,1
635,638,Tales of the City,2019,16,7.4,60,1,0,0,0,1
636,639,Disjointed,2017,18,6.8,60,1,0,0,0,1
637,640,Medical Police,2020,0,6.0,60,1,0,0,0,1
638,641,Gentefied,2020,16,7.4,60,1,0,0,0,1
639,642,Wanderlust,2018,16,7.1,60,1,0,0,0,1
640,643,Murder Among the Mormons,2021,16,7.0,60,1,0,0,0,1
641,644,Home for Christmas,2019,18,7.7,60,1,0,0,0,1
642,645,Paradise PD,2018,18,6.9,60,1,0,0,0,1
643,646,The Bachelorette,2003,16,3.4,60,1,1,0,0,1
644,647,Cold Case Files,1999,18,8.1,60,1,1,1,0,1
645,648,Little Witch Academia,2017,7,7.9,60,1,0,0,0,1
646,649,El marginal,2016,18,8.2,60,1,0,0,0,1
647,650,Teasing Master Takagi-san,2018,7,7.7,60,1,0,0,0,1
648,651,Kakegurui,2017,16,7.2,60,1,0,0,0,1
649,652,Attenborough's Life in Colour,2021,7,8.3,60,1,0,0,0,1
650,653,Mortel,2019,18,6.6,60,1,0,0,0,1
651,654,Kath & Kim,2002,7,8.3,60,1,0,0,0,1
652,655,Charité,2017,7,7.9,59,1,0,0,0,1
653,656,Hoarders,2009,7,6.4,59,1,1,0,0,1
654,657,Unsolved: The Murders of Tupac and The Notorious B.I.G.,2018,18,7.9,59,1,0,0,0,1
655,658,My Next Guest Needs No Introduction With David Letterman,2018,18,7.9,59,1,0,0,0,1
656,659,The Repair Shop,2017,0,8.7,59,1,0,0,0,1
657,660,Record of Ragnarok,2021,18,6.2,59,1,0,0,0,1
658,661,White Lines,2020,18,6.6,59,1,0,0,0,1
659,662,A Korean Odyssey,2017,0,8.1,59,1,0,0,0,1
660,663,Snabba Cash,2021,0,7.6,59,1,0,0,0,1
661,664,Luis Miguel: The Series,2018,16,8.0,59,1,0,0,0,1
662,665,Black Space,2020,0,6.8,59,1,0,0,0,1
663,666,"Love, Chunibyo & Other Delusions",2012,16,7.4,59,1,0,0,0,1
664,667,Kabaneri of the Iron Fortress,2016,18,7.2,59,1,0,0,0,1
665,668,"Sister, Sister",1994,7,6.3,59,1,1,0,0,1
666,669,Greenhouse Academy,2017,7,6.9,59,1,0,0,0,1
667,670,Mr. Iglesias,2019,16,7.1,59,1,0,0,0,1
668,671,Paranoid,2016,0,6.7,59,1,0,0,0,1
669,672,Hip Hop Evolution,2016,16,8.4,59,1,0,0,0,1
670,673,The Game,2006,16,6.7,59,1,1,1,0,1
671,674,Love on the Spectrum,2019,0,8.5,59,1,0,0,0,1
672,675,Greenleaf,2016,18,7.4,59,1,0,0,0,1
673,676,Naomi Osaka,2021,0,6.2,59,1,0,0,0,1
674,677,Oh My Ghost,2015,0,8.1,59,1,0,0,0,1
675,678,The Final Table,2018,0,7.7,59,1,0,0,0,1
676,679,Life Sentence,2018,16,6.6,59,1,0,0,0,1
677,680,Penguin Town,2021,0,8.0,59,1,0,0,0,1
678,681,Dogs of Berlin,2018,16,7.6,59,1,0,0,0,1
679,682,Yasuke,2021,18,6.2,59,1,0,0,0,1
680,683,Alma Matters: Inside the IIT Dream,2021,0,8.5,59,1,0,0,0,1
681,684,Playing with Fire,2019,18,5.9,59,1,1,0,0,1
682,685,"Hello, My Twenties!",2016,16,8.3,59,1,0,0,0,1
683,686,Sam & Cat,2013,7,5.7,59,1,0,0,0,1
684,687,Girls from Ipanema,2019,16,7.9,59,1,0,0,0,1
685,688,Elite Short Stories: Omar Ander Alexis,2021,18,7.4,59,1,0,0,0,1
686,689,MEGALOBOX,2018,16,7.8,59,1,1,0,0,1
687,690,High on the Hog: How African American Cuisine Transformed America,2021,0,7.7,59,1,0,0,0,1
688,691,So Not Worth It,2021,0,7.7,59,1,0,0,0,1
689,692,K-ON!,2009,16,7.7,59,1,1,0,0,1
690,693,The Family,2019,16,6.4,59,1,0,0,0,1
691,694,Ch0enger: The Final Flight,2020,0,7.9,59,1,0,0,0,1
692,695,Sexify,2021,0,6.5,58,1,0,0,0,1
693,696,The Good Cop,2018,16,7.1,58,1,0,0,0,1
694,697,The Uncanny Counter,2020,0,8.2,58,1,0,0,0,1
695,698,Law School,2021,0,8.2,58,1,0,0,0,1
696,699,This is a Robbery: The World's Biggest Art Heist,2021,18,6.4,58,1,0,0,0,1
697,700,The English Game,2020,0,7.6,58,1,0,0,0,1
698,701,Chambers,2019,16,6.5,58,1,0,0,0,1
699,702,Selena: The Series,2020,7,6.8,58,1,0,0,0,1
700,703,BAKI,2018,18,6.7,58,1,0,0,0,1
701,704,Cells at Work!,2018,16,7.6,58,1,0,0,0,1
702,705,Reckoning,2019,18,6.6,58,1,0,0,0,1
703,706,The Mole,2001,0,7.5,58,1,0,0,0,1
704,707,The Ripper,2020,0,7.1,58,1,0,0,0,1
705,708,Queen Sono,2020,18,5.9,58,1,0,0,0,1
706,709,WWII in HD,2009,18,8.7,58,1,0,0,0,1
707,710,The Parisian Agency: Exclusive Properties,2021,0,6.9,58,1,0,0,0,1
708,711,La cocinera de Castamar,2021,0,7.4,58,1,0,0,0,1
709,712,I Am a Killer,2018,18,7.4,58,1,0,0,0,1
710,713,W1A,2014,0,7.8,58,1,0,0,0,1
711,714,One of Us,2016,18,7.0,58,1,0,0,0,1
712,715,Cuckoo,2012,16,7.2,58,1,0,0,0,1
713,716,March Comes in Like a Lion,2016,7,8.4,58,1,0,0,0,1
714,717,Börü,2018,18,8.2,58,1,0,0,0,1
715,718,The Mess You Leave Behind,2020,0,6.8,58,1,0,0,0,1
716,719,Elize Matsunaga: Once Upon a Crime,2021,18,5.8,58,1,0,0,0,1
717,720,Invisible City,2021,0,7.4,58,1,0,0,0,1
718,721,High Seas,2019,16,6.8,58,1,0,0,0,1
719,722,Man Down,2013,18,7.6,58,1,0,0,0,1
720,723,Hitler's Circle of Evil,2017,0,8.0,58,1,0,0,0,1
721,724,Degrassi: Next Class,2016,7,6.9,58,1,0,0,0,1
722,725,The Forest,2017,0,7.2,58,1,0,0,0,1
723,726,The Woods,2020,18,6.5,58,1,0,0,0,1
724,727,This Is Pop,2021,0,6.9,58,1,0,0,0,1
725,728,Godzilla Singular Point,2021,16,6.6,58,1,0,0,0,1
726,729,My Babysitter's a Vampire,2011,7,7.1,58,1,0,0,0,1
727,730,Mad for Each Other,2021,0,7.9,58,1,0,0,0,1
728,731,Typewriter,2019,18,6.5,57,1,0,0,0,1
729,732,Sonic X,2003,16,6.2,57,1,1,1,0,1
730,733,Monthly Girls' Nozaki-kun,2014,7,7.6,57,1,0,0,0,1
731,734,History of Swear Words,2021,18,6.4,57,1,0,0,0,1
732,735,Dolly Parton's Heartstrings,2019,16,7.6,57,1,0,0,0,1
733,736,Arthdal Chronicles,2019,0,8.4,57,1,0,0,0,1
734,737,Last Chance U: Basketb0,2021,18,8.4,57,1,0,0,0,1
735,738,The Next Step,2013,0,6.2,57,1,0,0,0,1
736,739,The Bride of the Water God,2017,0,6.9,57,1,0,0,0,1
737,740,Midnight Diner: Tokyo Stories,2016,16,8.4,57,1,0,0,0,1
738,741,Immigration Nation,2020,16,7.4,57,1,0,0,0,1
739,742,My Unorthodox Life,2021,0,4.9,57,1,0,0,0,1
740,743,The Barrier,2020,16,6.8,57,1,0,0,0,1
741,744,Cannon Busters,2019,18,6.8,57,1,0,0,0,1
742,745,Something in the Rain,2018,7,8.1,57,1,0,0,0,1
743,746,Haters Back Off,2016,7,6.0,57,1,0,0,0,1
744,747,Young W0ander,2020,18,6.8,57,1,0,0,0,1
745,748,Toy Boy,2019,18,6.4,57,1,0,0,0,1
746,749,Aunty Donna's Big Ol' House of Fun,2020,0,8.0,57,1,0,0,0,1
747,750,Jack Whiteh0: Travels with My Father,2017,18,7.7,57,1,0,0,0,1
748,751,Sofia the First,2013,0,6.9,57,1,0,0,0,1
749,752,"Money, Explained",2021,0,6.9,57,1,0,0,0,1
750,753,The Joel McHale Show with Joel McHale,2018,18,7.2,57,1,0,0,0,1
751,754,America's Book of Secrets,2012,7,6.8,57,1,1,0,0,1
752,755,The World's Most Amazing Vacation Rentals,2021,0,6.6,57,1,0,0,0,1
753,756,Kiss Me First,2018,18,6.3,57,1,0,0,0,1
754,757,A Very Secret Service,2015,18,7.8,57,1,0,0,0,1
755,758,Sexy Beasts,2021,0,4.7,57,1,0,0,0,1
756,759,Scissor Seven,2018,7,8.3,57,1,0,0,0,1
757,760,Summertime,2020,18,5.5,57,1,1,0,0,1
758,761,Turn Up Charlie,2019,0,7.1,57,1,0,0,0,1
759,762,The K2,2016,16,7.8,57,1,0,0,0,1
760,763,The King's Avatar,2017,7,7.7,57,1,0,0,0,1
761,764,Prison Playbook,2017,0,8.4,57,1,0,0,0,1
762,765,The Twelve,2019,16,7.5,57,1,0,0,0,1
763,766,Vanished 46,2016,16,8.4,57,1,0,0,0,1
764,767,Valor,2017,16,6.0,57,1,0,0,0,1
765,768,Northern Rescue,2019,16,7.1,57,1,0,0,0,1
766,769,Equinox,2020,18,6.1,57,1,0,0,0,1
767,770,Oggy and the Cockroaches,1999,0,7.3,57,1,0,0,0,1
768,771,Code Lyoko,2003,7,7.3,57,1,0,0,0,1
769,772,Champions,2018,16,6.1,57,1,1,0,0,1
770,773,Winx Club,2004,0,6.2,57,1,0,0,0,1
771,774,Dragons: Race to the Edge,2015,7,8.3,57,1,0,0,0,1
772,775,Age of Samurai: Battle for Japan,2021,0,7.4,56,1,0,0,0,1
773,776,Vexed,2010,7,7.3,56,1,0,0,0,1
774,777,Family Business,2019,16,7.4,56,1,0,0,0,1
775,778,Strangers From Hell,2019,0,7.9,56,1,0,0,0,1
776,779,BUNK'D,2015,0,5.4,56,1,0,0,0,1
777,780,Cathedral of the Sea,2018,16,7.5,56,1,0,0,0,1
778,781,Iris,2009,0,7.9,56,1,0,0,0,1
779,782,Man to Man,2017,0,7.4,56,1,0,0,0,1
780,783,History 101,2020,7,6.8,56,1,0,0,0,1
781,784,Cat People,2021,0,6.3,56,1,0,0,0,1
782,785,Cinderella and Four Knights,2016,0,7.3,56,1,0,0,0,1
783,786,The Big Flower Fight,2020,0,7.4,56,1,0,0,0,1
784,787,Cooked,2016,7,8.1,56,1,0,0,0,1
785,788,Monarca,2019,18,7.9,56,1,0,0,0,1
786,789,Indian Matchmaking,2020,16,6.2,56,1,0,0,0,1
787,790,Perfume,2018,18,7.1,56,1,0,0,0,1
788,791,Avlu,2018,18,7.2,56,1,0,0,0,1
789,792,Wild District,2018,18,8.3,56,1,0,0,0,1
790,793,Magic for Humans,2018,16,7.2,56,1,0,0,0,1
791,794,50M2,2021,18,7.0,56,1,0,0,0,1
792,795,Mako Mermaids: An H2O Adventure,2013,0,6.8,56,1,0,0,0,1
793,796,Extracurricular,2020,18,7.7,56,1,0,0,0,1
794,797,Tunnel,2017,16,8.3,56,1,0,0,0,1
795,798,Marseille,2016,18,6.9,56,1,0,0,0,1
796,799,Elite Short Stories: Nadia Guzmán,2021,18,6.4,56,1,0,0,0,1
797,800,The World's Most Extraordinary Homes,2017,0,7.6,56,1,0,0,0,1
798,801,The Rise of Phoenixes,2018,7,8.6,56,1,0,0,0,1
799,802,Wakfu,2008,7,8.2,56,1,0,0,0,1
800,803,H,1998,0,7.4,56,1,0,0,0,1
801,804,The War Next-door,2021,0,5.7,56,1,0,0,0,1
802,805,How to Fix a Drug Scandal,2020,18,7.0,56,1,0,0,0,1
803,806,Betaal,2020,18,5.4,56,1,0,0,0,1
804,807,Sin Senos Sí Hay Paraíso,2016,16,6.7,56,1,0,0,0,1
805,808,Japan Sinks: 2020,2020,18,6.4,56,1,0,0,0,1
806,809,Run On,2020,0,7.6,56,1,0,0,0,1
807,810,Girlfriends,2000,7,7.2,56,1,0,0,0,1
808,811,Mobile Suit Gundam: Iron-Blooded Orphans,2015,18,7.9,56,1,0,0,0,1
809,812,Curon,2020,18,5.8,56,1,0,0,0,1
810,813,The Method,2015,18,7.4,56,1,0,0,0,1
811,814,Amend: The Fight for America,2021,18,7.9,56,1,0,0,0,1
812,815,Reply 1997,2012,0,8.1,56,1,0,0,0,1
813,816,The Crew,2021,16,6.6,56,1,0,0,0,1
814,817,Sex Explained,2020,18,6.9,56,1,0,0,0,1
815,818,Unauthorized Living,2018,18,7.5,56,1,0,0,0,1
816,819,James Acaster: Repertoire,2018,18,8.5,56,1,0,0,0,1
817,820,Blood & Water,2020,18,6.4,56,1,0,0,0,1
818,821,Adventures of Sonic the Hedgehog,1993,7,6.2,55,1,0,0,0,1
819,822,Tales by Light,2015,0,8.3,55,1,0,0,0,1
820,823,Tiny Pretty Things,2020,0,5.9,55,1,0,0,0,1
821,824,Rust V0ey Restorers,2018,16,7.8,55,1,0,0,0,1
822,825,Immortals,2018,7,5.3,55,1,0,0,0,1
823,826,Cheese in the Trap,2016,16,7.4,55,1,0,0,0,1
824,827,Terrace House: Boys & Girls in the City,2015,7,8.1,55,1,0,0,0,1
825,828,When the Camellia Blooms,2019,0,8.0,55,1,0,0,0,1
826,829,My Secret Romance,2017,16,7.1,55,1,0,0,0,1
827,830,Marlon,2017,7,7.1,55,1,1,0,0,1
828,831,The Bonfire of Destiny,2019,16,7.7,55,1,0,0,0,1
829,832,100 Days My Prince,2018,16,7.7,55,1,0,0,0,1
830,833,Let's Eat,2013,16,7.7,55,1,0,0,0,1
831,834,Kung Fu Panda: Legends of Awesomeness,2011,7,6.8,55,1,0,0,0,1
832,835,Crime Scene: The Vanishing at the Cecil Hotel,2021,0,5.9,55,1,0,0,0,1
833,836,PJ Masks,2015,0,5.5,55,1,0,0,1,1
834,837,Incomplete Life,2014,16,8.6,55,1,0,0,0,1
835,838,Fabulous Lives of Bollywood Wives,2020,0,4.7,55,1,0,0,0,1
836,839,When Heroes Fly,2018,7,7.2,55,1,0,0,0,1
837,840,The Last O.G.,2018,7,6.9,55,1,0,0,0,1
838,841,Romance is a Bonus Book,2019,0,8.1,55,1,0,0,0,1
839,842,DC Super Hero Girls,2019,7,7.1,55,1,0,0,0,1
840,843,Wheel of Fortune,1983,0,6.7,55,1,0,0,0,1
841,844,Chelsea Does,2016,18,7.2,55,1,0,0,0,1
842,845,Girlfriends' Guide to Divorce,2014,16,6.9,55,1,0,0,0,1
843,846,Daniel Sloss: Live Shows,2018,18,8.6,55,1,0,0,0,1
844,847,Case,2015,16,7.1,55,1,0,0,0,1
845,848,Always a Witch,2019,16,6.2,55,1,0,0,0,1
846,849,You vs. Wild,2019,0,7.0,55,1,0,0,0,1
847,850,The Boulet Brothers' Dragula,2016,18,7.9,55,1,0,0,0,1
848,851,Lovestruck in the City,2020,16,7.8,55,1,0,0,0,1
849,852,Navillera,2021,0,8.8,55,1,0,0,0,1
850,853,Bitter Daisies,2018,18,7.2,55,1,0,0,0,1
851,854,Selection Day,2018,16,7.4,55,1,0,0,0,1
852,855,"Bring It On, Ghost",2016,16,7.6,55,1,0,0,0,1
853,856,The Standups,2017,0,6.7,55,1,0,0,0,1
854,857,(The Hook Up Plan),2018,16,7.2,55,1,0,0,0,1
855,858,Because This Is My First Life,2017,16,8.1,55,1,0,0,0,1
856,859,The Indian Detective,2017,0,6.5,55,1,0,0,0,1
857,860,Medal of Honor,2018,16,8.4,55,1,0,1,0,1
858,861,Heaven Official's Blessing,2020,0,8.4,55,1,0,0,0,1
859,862,Who Killed Little Gregory?,2019,0,7.4,55,1,0,0,0,1
860,863,"Coronavirus, Explained",2020,7,7.6,55,1,0,0,0,1
861,864,Teen Mom 2,2011,7,4.3,55,1,0,1,0,1
862,865,Vientos de agua,2006,0,8.8,55,1,0,0,0,1
863,866,Kantaro: The Sweet Tooth Salaryman,2017,7,7.5,55,1,0,0,0,1
864,867,Al Hayba,2017,7,7.4,55,1,0,0,0,1
865,868,Somewhere Between,2017,16,6.3,55,1,0,0,0,1
866,869,Selling Sunset,2019,18,6.3,55,1,0,0,0,1
867,870,Trailer Park Boys: The Animated Series,2019,18,7.5,55,1,0,0,0,1
868,871,Ultraviolet,2017,18,7.0,55,1,1,0,0,1
869,872,Ultraman,2019,16,6.9,54,1,0,0,0,1
870,873,No Good Nick,2019,7,6.0,54,1,0,0,0,1
871,874,Intersection,2016,0,6.6,54,1,0,1,0,1
872,875,Daughter From Another Mother,2021,18,7.4,54,1,0,0,0,1
873,876,Tiny House Nation,2014,7,7.1,54,1,0,0,0,1
874,877,High-Rise Invasion,2021,18,6.7,54,1,0,0,0,1
875,878,Mystic Pop-up Bar,2020,16,8.0,54,1,0,0,0,1
876,879,The Inmate,2018,0,7.0,54,1,0,0,0,1
877,880,Glow Up: Britain's Next Make-Up Star,2019,16,6.7,54,1,0,0,0,1
878,881,Falsa Identidad,2018,16,7.1,54,1,0,0,0,1
879,882,A Perfect Crime,2020,0,7.3,54,1,0,0,0,1
880,883,Alien Worlds,2020,7,6.5,54,1,0,0,0,1
881,884,Barbie: Life in the Dreamhouse,2012,0,7.4,54,1,0,0,0,1
882,885,Freud,2020,18,6.5,54,1,0,0,0,1
883,886,Carmel: Who Killed Maria Marta?,2020,0,7.1,54,1,0,0,0,1
884,887,Get Even,2020,0,6.5,54,1,0,0,0,1
885,888,God Eater,2015,16,7.0,54,1,0,0,0,1
886,889,El Dragón: Return of a Warrior,2019,18,7.0,54,1,0,0,0,1
887,890,Netflix Presents: The Characters,2016,18,5.4,54,1,0,0,0,1
888,891,Jamtara - Sabka Number Ayega,2020,0,7.3,54,1,0,0,0,1
889,892,Vampires,2020,18,5.6,54,1,0,0,0,1
890,893,Zindagi inShort,2021,0,7.2,54,1,0,0,0,1
891,894,#blackAF,2020,18,6.8,54,1,0,0,0,1
892,895,Ever After High,2013,0,8.0,54,1,0,0,0,1
893,896,Sirius the Jaeger,2018,16,6.8,54,1,0,0,0,1
894,897,Eternal Love,2017,7,8.3,54,1,0,0,0,1
895,898,Murder Mountain,2018,16,6.9,54,1,0,0,0,1
896,899,EastSiders,2012,0,6.9,54,1,0,0,0,1
897,900,Dope,2017,16,7.3,54,1,0,0,0,1
898,901,Troy: F0 of a City,2018,18,3.8,54,1,0,0,0,1
899,902,Surviving Escobar - Alias JJ,2017,18,7.9,54,1,0,0,0,1
900,903,Transfers,2017,0,7.3,54,1,0,0,0,1
901,904,Unnatural Selection,2019,0,8.0,54,1,0,0,0,1
902,905,Skylines,2019,16,7.6,54,1,0,0,0,1
903,906,The Last Czars,2019,0,7.3,54,1,0,0,0,1
904,907,High Score Girl,2018,7,8.0,54,1,0,0,0,1
905,908,Human: The World Within,2021,0,6.8,54,1,0,0,0,1
906,909,Unit 42,2017,7,7.0,54,1,0,0,0,1
907,910,The Velvet Collection,2017,16,7.2,54,1,0,0,0,1
908,911,One on One,2001,16,7.2,54,1,0,1,0,1
909,912,Monty Python: Almost the Truth (The Lawyer's Cut),2009,7,8.1,54,1,0,0,0,1
910,913,Nicky Jam: El Ganador,2018,0,7.8,54,1,0,0,0,1
911,914,Someone Has to Die,2020,0,6.3,54,1,0,0,0,1
912,915,Voice,2017,16,7.7,54,1,0,0,0,1
913,916,La Révolution,2020,16,6.5,54,1,0,0,0,1
914,917,Queer Eye: We're in Japan!,2019,16,8.2,54,1,0,0,0,1
915,918,Danger Mouse,1981,7,7.4,54,1,0,0,0,1
916,919,Paava Kadhaigal,2020,0,8.1,54,1,0,0,0,1
917,920,Man Like Mobeen,2017,18,8.0,53,1,0,0,0,1
918,921,Sisyphus,2021,0,7.1,53,1,0,0,0,1
919,922,MINE,2021,0,7.8,53,1,0,0,0,1
920,923,X-Men,2011,16,6.9,53,1,0,0,1,1
921,924,The Minions of Midas,2020,0,6.6,53,1,0,0,0,1
922,925,7SEEDS,2019,18,6.4,53,1,0,0,0,1
923,926,Ultimate Beastmaster,2017,0,7.3,53,1,0,0,0,1
924,927,Trigger Warning with Killer Mike,2019,16,7.0,53,1,0,0,0,1
925,928,The Queen of Flow,2018,18,7.8,53,1,0,0,0,1
926,929,The Upshaws,2021,16,6.9,53,1,0,0,0,1
927,930,Huge in France,2019,16,6.8,53,1,0,0,0,1
928,931,Good Morning C0,2016,0,7.5,53,1,0,0,0,1
929,932,Reality Z,2020,18,5.4,53,1,0,0,0,1
930,933,Bella and the Bulldogs,2015,0,5.4,53,1,0,0,0,1
931,934,Johnny Test,2005,0,5.1,53,1,0,0,0,1
932,935,The Lost Pirate Kingdom,2021,18,6.6,53,1,0,0,0,1
933,936,The I-Land,2019,18,4.6,53,1,0,0,0,1
934,937,Find Yourself,2020,0,7.8,53,1,0,0,0,1
935,938,A Love So Beautiful,2017,0,8.1,53,1,0,0,0,1
936,939,Free Rein,2017,0,7.3,53,1,0,0,0,1
937,940,Ashes of Love,2018,7,8.4,53,1,0,0,0,1
938,941,Masha and the Bear,2009,0,7.5,53,1,0,0,0,1
939,942,Million Pound Menu,2018,0,6.7,53,1,0,0,0,1
940,943,0 Hail King Julien,2014,7,7.1,53,1,0,0,0,1
941,944,The Day I Met El Chapo: The Kate del Castillo Story,2017,18,6.9,53,1,0,0,0,1
942,945,Argos Comunicación,2017,18,7.2,53,1,0,0,0,1
943,946,The Rational Life,2021,0,8.2,53,1,0,0,0,1
944,947,Busted!,2018,16,7.7,53,1,0,0,0,1
945,948,Street Food,2019,0,8.2,53,1,0,0,0,1
946,949,A Little Thing C0ed First Love,2019,0,8.0,53,1,0,1,0,1
947,950,The Surgeon's Cut,2020,0,8.5,53,1,0,0,0,1
948,951,Song Exploder,2020,18,7.4,53,1,0,0,0,1
949,952,Unabomber: In His Own Words,2020,0,7.2,53,1,0,0,0,1
950,953,Spycraft,2021,18,6.7,53,1,0,0,0,1
951,954,Thieves of the Wood,2020,18,6.8,53,1,0,0,0,1
952,955,Headspace Guide to Meditation,2021,7,8.5,53,1,0,0,0,1
953,956,Record of Grancrest War,2018,18,7.2,53,1,0,0,0,1
954,957,Abyss,2019,16,7.1,53,1,0,0,0,1
955,958,Silver Spoon,2014,16,7.7,53,1,0,0,0,1
956,959,Omniscient,2020,18,6.4,53,1,0,0,0,1
957,960,Creeped Out,2017,7,6.6,53,1,0,0,0,1
958,961,The Worst Witch,2017,7,7.3,53,1,0,0,0,1
959,962,Diablero,2018,16,6.7,53,1,0,0,0,1
960,963,Samurai Gourmet,2017,0,8.1,53,1,0,0,0,1
961,964,The Daily Life of the Immortal King,2020,16,7.4,53,1,0,0,0,1
962,965,The Guest,2018,0,8.2,53,1,0,0,0,1
963,966,You Are My Spring,2021,0,7.3,53,1,0,0,0,1
964,967,My First First Love,2019,7,7.5,53,1,0,0,0,1
965,968,The Mr. Peabody & Sherman Show,2015,7,5.8,53,1,0,0,0,1
966,969,My Shy Boss,2017,0,7.3,53,1,0,0,0,1
967,970,Trial 4,2020,0,7.4,53,1,0,0,0,1
968,971,The Business of Drugs,2020,18,7.2,53,1,0,0,0,1
969,972,"Fresh, Fried & Crispy",2021,7,6.2,53,1,0,0,0,1
970,973,The Legend of Bruce Lee,2008,0,7.0,53,1,0,1,0,1
971,974,Jiva!,2021,18,5.7,53,1,0,0,0,1
972,975,Killer Ratings,2019,18,8.0,53,1,0,0,0,1
973,976,Switched,2018,16,7.1,53,1,0,0,0,1
974,977,Go! Live Your Way,2019,0,7.1,52,1,0,0,0,1
975,978,Criminal: France,2019,7,7.2,52,1,0,0,0,1
976,979,Bloodride,2020,18,6.4,52,1,0,0,0,1
977,980,Glitch Techs,2020,0,7.9,52,1,0,0,0,1
978,981,Country Comfort,2021,7,6.9,52,1,0,0,0,1
979,982,The Disappearance of Madeleine McCann,2019,16,6.6,52,1,0,0,0,1
980,983,Nobody's Looking,2019,18,7.8,52,1,0,0,0,1
981,984,Inside the World's Toughest Prisons,2016,18,7.1,52,1,0,0,0,1
982,985,Love & Anarchy,2020,0,7.4,52,1,0,0,0,1
983,986,Family Reunion,2019,7,6.5,52,1,0,0,0,1
984,987,Borderliner,2017,18,6.8,52,1,0,0,0,1
985,988,Sisters,2017,0,7.5,52,1,0,0,0,1
986,989,Kissing Game,2020,18,6.4,52,1,0,0,0,1
987,990,Who Killed Malcolm X?,2019,0,7.6,52,1,0,0,0,1
988,991,"Good Morning, Verônica",2020,0,7.6,52,1,0,0,0,1
989,992,Bad Boy Billionaires: India,2020,0,8.0,52,1,0,0,0,1
990,993,Neo Yokio,2017,18,5.9,52,1,0,0,0,1
991,994,Grand Hotel,2016,0,8.2,52,1,0,0,0,1
992,995,Crazy Delicious,2020,7,6.7,52,1,0,0,0,1
993,996,The Frozen Dead,2017,0,6.3,52,1,0,0,0,1
994,997,Zumbo's Just Desserts,2016,7,6.9,52,1,0,0,0,1
995,998,Another Miss Oh,2016,0,7.9,52,1,0,0,0,1
996,999,Soundtrack,2019,0,6.8,52,1,0,0,0,1
997,1000,Bad Guys,2014,18,7.9,52,1,0,0,0,1
998,1001,Fireman Sam,1989,0,6.2,52,1,0,1,0,1
999,1002,We Are the Wave,2019,18,6.1,52,1,0,0,0,1
1000,1003,Morocco: Love in Times of War,2017,0,7.6,52,1,0,0,0,1